linkId,volecity
115,41.1538461538
114,41.5966386555
117,41.717791411
116,41.5704387991
111,41.5807560137
110,44.6721311475
113,41.6184971098
112,41.2008281573
119,40.9090909091
118,41.6161616162
120,42.8571428571
121,41.5492957746
108,41.6666666667
109,41.5384615385
102,41.1949685535
103,41.8181818182
100,41.726618705
101,41.5841584158
106,41.6666666667
107,42.5
104,41.2095639944
105,41.4893617021
122,41.5611814346
123,41.5492957746
